{"records":[{"type":"troop","category":"barbarian","level":1,"x":-392.436767578125,"y":312.13970947265627,"timestamp":0},{"type":"troop","category":"dragon","level":1,"x":67.8590087890625,"y":42.36372375488281,"timestamp":9},{"type":"troop","category":"dragon","level":1,"x":348.3040771484375,"y":74.37104797363281,"timestamp":18}],"metadata":{"totalRecords":3,"duration":36}}