{"records":[{"type":"troop","category":"barbarian","level":1,"x":-110.60845947265625,"y":197.98658752441407,"timestamp":0},{"type":"troop","category":"dragon","level":1,"x":-34.40057373046875,"y":176.6483612060547,"timestamp":4}],"metadata":{"totalRecords":2,"duration":38}}