{"records":[{"type":"troop","category":"barbarian","level":1,"x":-269.9461364746094,"y":62.283416748046878,"timestamp":0},{"type":"troop","category":"barbarian","level":1,"x":523.6237182617188,"y":357.5977783203125,"timestamp":12}],"metadata":{"totalRecords":2,"duration":18}}