{"records":[{"type":"troop","category":"dragon","level":1,"x":607.3193359375,"y":224.27691650390626,"timestamp":3},{"type":"troop","category":"dragon","level":1,"x":-122.75244140625,"y":177.02801513671876,"timestamp":8},{"type":"troop","category":"barbarian","level":1,"x":-156.283935546875,"y":175.50384521484376,"timestamp":11}],"metadata":{"totalRecords":3,"duration":18}}