{"records":[{"type":"troop","category":"barbarian","level":1,"x":-912.0272216796875,"y":379.421142578125,"timestamp":0},{"type":"troop","category":"giant","level":1,"x":-187.98394775390626,"y":398.7156982421875,"timestamp":14},{"type":"troop","category":"giant","level":1,"x":-199.2734375,"y":305.3209228515625,"timestamp":17}],"metadata":{"totalRecords":3,"duration":20}}